-- phpMyAdmin SQL Dump
-- version 4.5.5.1
-- http://www.phpmyadmin.net
--
-- Client :  127.0.0.1
-- Généré le :  Lun 05 Juin 2017 à 08:20
-- Version du serveur :  5.7.11
-- Version de PHP :  5.6.19

SET SQL_MODE = "NO_AUTO_VALUE_ON_ZERO";
SET time_zone = "+00:00";


/*!40101 SET @OLD_CHARACTER_SET_CLIENT=@@CHARACTER_SET_CLIENT */;
/*!40101 SET @OLD_CHARACTER_SET_RESULTS=@@CHARACTER_SET_RESULTS */;
/*!40101 SET @OLD_COLLATION_CONNECTION=@@COLLATION_CONNECTION */;
/*!40101 SET NAMES utf8mb4 */;

--
-- Base de données :  `symfony`
--
CREATE DATABASE IF NOT EXISTS `symfony` DEFAULT CHARACTER SET latin1 COLLATE latin1_swedish_ci;
USE `symfony`;

-- --------------------------------------------------------

--
-- Structure de la table `data`
--

CREATE TABLE `data` (
  `id` int(11) NOT NULL,
  `title` varchar(255) COLLATE utf8_unicode_ci NOT NULL,
  `description` varchar(255) COLLATE utf8_unicode_ci NOT NULL,
  `dataset` varchar(255) COLLATE utf8_unicode_ci NOT NULL
) ENGINE=InnoDB DEFAULT CHARSET=utf8 COLLATE=utf8_unicode_ci;

--
-- Contenu de la table `data`
--

INSERT INTO `data` (`id`, `title`, `description`, `dataset`) VALUES
(11, 'twitter1', '[10662] [1000] [10]', 'twitter1');

-- --------------------------------------------------------

--
-- Structure de la table `instance`
--

CREATE TABLE `instance` (
  `id` int(11) NOT NULL,
  `title` varchar(255) COLLATE utf8_unicode_ci NOT NULL,
  `network_id` int(11) NOT NULL,
  `data_id` int(11) NOT NULL,
  `project_id` int(11) NOT NULL,
  `number` int(11) NOT NULL
) ENGINE=InnoDB DEFAULT CHARSET=utf8 COLLATE=utf8_unicode_ci;

--
-- Contenu de la table `instance`
--

INSERT INTO `instance` (`id`, `title`, `network_id`, `data_id`, `project_id`, `number`) VALUES
(251, 'twitter1.twitter1', 15, 11, 8, 1),
(252, 'twitter2.twitter1', 16, 11, 8, 1),
(253, 'twitter3.twitter1', 17, 11, 8, 1),
(254, 'twitter4.twitter1', 18, 11, 8, 1),
(255, 'twitter5.twitter1', 19, 11, 8, 1),
(256, 'twitter5.twitter1', 19, 11, 8, 1);

-- --------------------------------------------------------

--
-- Structure de la table `network`
--

CREATE TABLE `network` (
  `id` int(11) NOT NULL,
  `title` varchar(255) COLLATE utf8_unicode_ci NOT NULL,
  `description` varchar(255) COLLATE utf8_unicode_ci NOT NULL,
  `network` varchar(255) COLLATE utf8_unicode_ci NOT NULL
) ENGINE=InnoDB DEFAULT CHARSET=utf8 COLLATE=utf8_unicode_ci;

--
-- Contenu de la table `network`
--

INSERT INTO `network` (`id`, `title`, `description`, `network`) VALUES
(15, 'twitter1', 'C[32][3] P[2] D[16]', 'twitter1.py'),
(16, 'twitter2', 'C[64][3] P[2] D[32]', 'twitter2.py'),
(17, 'twitter3', 'C[128][3] P[2] D[32]', 'twitter3.py'),
(18, 'twitter4', 'C[256][3] P[2] D[32]', 'twitter4.py'),
(19, 'twitter5', 'C[128][3] P[2] C[64][2] P[2] D[16]', 'twitter5.py');

-- --------------------------------------------------------

--
-- Structure de la table `project`
--

CREATE TABLE `project` (
  `id` int(11) NOT NULL,
  `title` varchar(255) COLLATE utf8_unicode_ci NOT NULL,
  `description` varchar(255) COLLATE utf8_unicode_ci NOT NULL
) ENGINE=InnoDB DEFAULT CHARSET=utf8 COLLATE=utf8_unicode_ci;

--
-- Contenu de la table `project`
--

INSERT INTO `project` (`id`, `title`, `description`) VALUES
(8, 'twitter', 'Tester si des tweets sont positifs ou négatifs');

-- --------------------------------------------------------

--
-- Structure de la table `validation`
--

CREATE TABLE `validation` (
  `id` int(11) NOT NULL,
  `validation` double NOT NULL,
  `training` double NOT NULL,
  `epoch` int(11) NOT NULL,
  `accuracy` double NOT NULL,
  `instance_id` int(11) NOT NULL
) ENGINE=InnoDB DEFAULT CHARSET=utf8 COLLATE=utf8_unicode_ci;

--
-- Contenu de la table `validation`
--

INSERT INTO `validation` (`id`, `validation`, `training`, `epoch`, `accuracy`, `instance_id`) VALUES
(344, 0.6899245321750641, 0.6923721029112736, 1, 52.000000178813934, 251),
(345, 0.6809776425361633, 0.6859878804534674, 2, 63.49999964237213, 251),
(346, 0.6861295878887177, 0.691721739868323, 1, 63.90000104904174, 252),
(347, 0.6681916177272796, 0.6749477790047725, 3, 66.700000166893, 251),
(348, 0.6483336448669433, 0.6558227607359489, 4, 68.09999942779541, 251),
(349, 0.6720707714557648, 0.6802817781766256, 2, 63.199999928474426, 252),
(350, 0.6271710813045501, 0.6337308709820112, 5, 68.40000033378601, 251),
(351, 0.6097193658351898, 0.6021620935449997, 6, 66.89999997615814, 251),
(352, 0.6528477847576142, 0.661370474845171, 3, 67.09999978542328, 252),
(353, 0.5883804142475129, 0.58079240595301, 7, 69.200000166893, 251),
(354, 0.5818131148815155, 0.5564427950109044, 8, 68.9000004529953, 251),
(355, 0.6290403485298157, 0.6333242586503426, 4, 68.49999964237213, 252),
(356, 0.5771377623081207, 0.5351258423179388, 9, 68.40000033378601, 251),
(357, 0.5749108076095581, 0.5129995814835032, 10, 68.299999833107, 251),
(358, 0.6084529459476471, 0.6002140082418919, 5, 67.89999961853027, 252),
(359, 0.5697050034999848, 0.4976475906247894, 11, 68.60000014305115, 251),
(360, 0.573265427350998, 0.4725395953282714, 12, 69.39999997615814, 251),
(361, 0.591127872467041, 0.5648437070970734, 6, 67.8000009059906, 252),
(362, 0.5830919861793518, 0.5369606213644147, 7, 67.70000040531158, 252),
(363, 0.5781005859375, 0.462310241535306, 1, 68.00000071525574, 251),
(364, 0.5841788172721862, 0.4441562909632921, 2, 69.30000066757202, 251),
(365, 0.5842159211635589, 0.507659226966401, 8, 68.50000083446503, 252),
(366, 0.5943390130996704, 0.43501721943418187, 3, 69.30000126361847, 251),
(367, 0.5994801163673401, 0.4163559547935923, 4, 68.80000114440918, 251),
(368, 0.5795310318470002, 0.48741682432591915, 9, 68.40000033378601, 252),
(369, 0.5967670321464539, 0.40504207741469145, 1, 70.09999930858612, 251),
(370, 0.6021312654018403, 0.3929517079765598, 2, 70.49999952316284, 251),
(371, 0.5874246776103973, 0.4638373864193757, 1, 68.50000023841858, 252),
(372, 0.6102374255657196, 0.3895123917609453, 3, 70.2999997138977, 251),
(373, 0.5933789372444153, 0.4428395650659998, 2, 68.30000102519989, 252),
(374, 0.6180918455123902, 0.3725146024177472, 1, 71.29999935626984, 251),
(375, 0.6407166540622711, 0.3681853823363781, 2, 69.69999969005585, 251),
(376, 0.5901339411735534, 0.4259911170229316, 1, 68.59999895095825, 252),
(377, 0.639979112148285, 0.3634283953967194, 3, 69.90000009536743, 251),
(378, 0.6582238733768463, 0.35421393858268857, 4, 68.70000123977661, 251),
(379, 0.5967340528964996, 0.40657755732536316, 2, 68.50000023841858, 252),
(380, 0.6679513931274415, 0.3417464951053262, 5, 69.7000002861023, 251),
(381, 0.6779576063156127, 0.6882649604231119, 1, 66.19999945163727, 253),
(382, 0.6889755427837372, 0.336215384149303, 6, 69.10000026226044, 251),
(383, 0.5938249886035919, 0.3976681549102068, 3, 69.50000166893005, 252),
(384, 0.6847973048686982, 0.3310385229997337, 7, 68.6000007390976, 251),
(385, 0.6911830246448517, 0.6929060046871504, 1, 53.59999895095825, 255),
(386, 0.7005845308303833, 0.32079484313726425, 8, 68.00000071525574, 251),
(387, 0.6053476631641388, 0.37724761478602886, 4, 70.40000021457672, 252),
(388, 0.7132760763168335, 0.31506244915847975, 9, 68.20000052452087, 251),
(389, 0.6601113617420197, 0.6689714441696802, 2, 64.30000066757202, 253),
(390, 0.6825912892818451, 0.690113772948583, 1, 65.6000006198883, 254),
(391, 0.7147539854049683, 0.31290666898712516, 10, 69.80000019073486, 251),
(392, 0.6473220348358154, 0.3556284901375572, 5, 69.40000116825104, 252),
(393, 0.7305923700332642, 0.3064537534179787, 11, 67.70000040531158, 251),
(394, 0.7640170156955719, 0.29495733557268977, 12, 67.59999990463257, 251),
(395, 0.6285329639911652, 0.34482085797935724, 6, 70.00000059604645, 252),
(396, 0.6859167039394378, 0.68908317014575, 2, 57.599998712539666, 255),
(397, 0.7751669704914093, 0.2917110853207608, 13, 68.09999942779541, 251),
(398, 0.6339505612850189, 0.6408382964630922, 3, 67.10000097751617, 253),
(399, 0.7867014229297637, 0.2849127139585714, 14, 68.19999992847443, 251),
(400, 0.6442573428153991, 0.33546113905807334, 7, 69.69999969005585, 252),
(401, 0.8118843615055085, 0.27723857543120783, 15, 67.99999952316284, 251),
(402, 0.8163801252841949, 0.2724972926080227, 16, 68.40000033378601, 251),
(403, 0.6705142736434937, 0.31159571806589764, 8, 68.29999923706055, 252),
(404, 0.7856949746608735, 0.27893896742413443, 17, 69.10000026226044, 251),
(405, 0.6770604252815247, 0.6822918516894182, 3, 65.09999990463257, 255),
(406, 0.8275184571743012, 0.2767927390523255, 18, 69.30000066757202, 251),
(407, 0.6097729623317718, 0.6073470506817102, 4, 68.70000064373016, 253),
(408, 0.6498133182525635, 0.30277922563254833, 9, 69.99999940395355, 252),
(409, 0.6662647306919098, 0.6760556474328041, 2, 66.50000035762787, 254),
(410, 0.8305451333522796, 0.26197132111216587, 19, 68.79999935626984, 251),
(411, 0.8368375897407532, 0.26347815711051226, 20, 68.40000033378601, 251),
(412, 0.7079951643943787, 0.28662220233430463, 10, 67.80000030994415, 252),
(413, 0.8436989188194275, 0.26386455493047833, 21, 68.299999833107, 251),
(414, 0.6598467528820038, 0.668743284419179, 4, 67.30000019073486, 255),
(415, 0.8347127497196197, 0.2523599659713606, 22, 68.80000174045563, 251),
(416, 0.7117265105247498, 0.275325827455769, 11, 70.10000050067902, 252),
(417, 0.5922853708267212, 0.5730406648168961, 5, 69.00000095367432, 253),
(418, 0.8325082838535309, 0.24875885372360548, 23, 68.40000033378601, 251),
(419, 0.8873001873493195, 0.24330283887684345, 24, 67.30000019073486, 251),
(420, 0.7301410675048828, 0.2679545626354714, 12, 69.40000116825104, 252),
(421, 0.9047612726688385, 0.24012189653391638, 25, 68.40000092983246, 251),
(422, 0.6300227642059326, 0.641391317670544, 5, 68.50000023841858, 255),
(423, 0.9034734785556793, 0.2437497928428153, 26, 68.30000102519989, 251),
(424, 0.7394203841686249, 0.25878608459606767, 13, 68.6000007390976, 252),
(425, 0.5848464846611023, 0.5397779842217764, 6, 68.79999935626984, 253),
(426, 0.645295113325119, 0.6526733574767908, 3, 66.20000064373016, 254),
(427, 0.8928335309028625, 0.2386161812270681, 27, 68.40000033378601, 251),
(428, 0.9258706331253052, 0.23304225814839205, 28, 68.40000092983246, 251),
(429, 0.7402366042137146, 0.2528624095333119, 14, 68.70000064373016, 252),
(430, 0.8928350687026978, 0.23393931767592827, 29, 69.00000095367432, 251),
(431, 0.9206698775291443, 0.22678800540355346, 30, 70.0000011920929, 251),
(432, 0.7549980342388153, 0.2454820623000463, 15, 68.80000054836273, 252),
(433, 0.606494790315628, 0.6084395243475834, 6, 68.50000143051147, 255),
(434, 0.5771241784095764, 0.5091062063972155, 7, 69.69999969005585, 253),
(435, 0.9718616902828217, 0.219377176836133, 31, 69.80000019073486, 251),
(436, 0.9515164852142334, 0.2242545896830658, 32, 69.30000066757202, 251),
(437, 0.7485007166862487, 0.23554625206937393, 16, 69.30000007152557, 252),
(438, 0.9753043413162231, 0.22769003066544732, 33, 67.7999997138977, 251),
(439, 0.9909665822982788, 0.21784548368304968, 34, 68.10000121593475, 251),
(440, 0.7753497540950776, 0.2217622335689763, 17, 70.00000059604645, 252),
(441, 0.6203350186347961, 0.6192021438231071, 4, 68.80000054836273, 254),
(442, 0.5755990266799926, 0.48586329134802025, 8, 69.69999969005585, 253),
(443, 0.984112548828125, 0.21966975508257747, 35, 68.80000054836273, 251),
(444, 0.5945304930210114, 0.5716651175171137, 7, 68.19999933242798, 255),
(445, 0.9923174619674683, 0.21553052410793802, 36, 68.70000064373016, 251),
(446, 0.7898737370967865, 0.2195961760977904, 18, 69.80000078678131, 252),
(447, 1.0134181201457977, 0.20747843609812358, 37, 68.9000004529953, 251),
(448, 1.0156221330165862, 0.21553046411524215, 38, 68.6000007390976, 251),
(449, 0.806930673122406, 0.2084225417735676, 19, 68.4000015258789, 252),
(450, 1.0086738407611846, 0.2145498376339674, 39, 69.90000069141388, 251),
(451, 0.5776587903499604, 0.45907790182779235, 9, 68.299999833107, 253),
(452, 0.5930922865867615, 0.5473886892820398, 8, 68.49999904632568, 255),
(453, 0.9990192949771881, 0.2122997574042529, 40, 69.40000057220459, 251),
(454, 0.8234782814979553, 0.20813462402050695, 20, 67.80000030994415, 252),
(455, 1.0353276252746582, 0.207774128842478, 41, 69.60000038146973, 251),
(456, 1.0447677552700043, 0.20266306322688857, 42, 68.79999935626984, 251),
(457, 0.8308969140052795, 0.19900896532150605, 21, 68.19999992847443, 252),
(458, 1.0739801585674287, 0.1951934607544293, 43, 68.40000033378601, 251),
(459, 0.6006237685680389, 0.5854549271365007, 5, 69.10000026226044, 254),
(460, 0.5803136944770813, 0.4399872313564022, 10, 68.70000004768372, 253),
(461, 1.0419462144374847, 0.20166904929404458, 44, 69.7000002861023, 251),
(462, 0.5878923118114472, 0.5225166119635105, 9, 68.79999935626984, 255),
(463, 0.8541734337806701, 0.19692427680517235, 22, 68.299999833107, 252),
(464, 1.0654075384140014, 0.20390664646402, 45, 69.90000069141388, 251),
(465, 1.038470870256424, 0.19960843841545284, 46, 69.90000009536743, 251),
(466, 0.8741714596748352, 0.1890613701349745, 23, 69.60000097751617, 252),
(467, 1.0929646372795105, 0.19276202539913356, 47, 69.40000057220459, 251),
(468, 0.59827761054039, 0.4118370184053977, 11, 70.90000033378601, 253),
(469, 1.1164128363132477, 0.19392512156628072, 48, 68.20000052452087, 251),
(470, 0.8891164720058441, 0.18244057156456014, 24, 68.19999992847443, 252),
(471, 0.5945345997810364, 0.5017753206193447, 10, 67.70000040531158, 255),
(472, 1.0933965742588043, 0.19368024713670215, 49, 69.7000002861023, 251),
(473, 1.0876351118087768, 0.19319678307510912, 50, 67.99999952316284, 251),
(474, 0.88245187997818, 0.18295618131135902, 25, 69.10000085830688, 252),
(475, 1.1033446788787842, 0.19275238908206424, 51, 68.19999992847443, 251),
(476, 0.5866259694099426, 0.5526743795101842, 6, 68.39999914169312, 254),
(477, 0.6117800056934357, 0.3985812797521551, 12, 69.40000057220459, 253),
(478, 1.1378115117549896, 0.19032804287659624, 52, 68.10000002384186, 251),
(479, 0.9075531721115112, 0.1752362527574102, 26, 69.30000007152557, 252),
(480, 1.1125790476799011, 0.19265842786990106, 53, 68.40000033378601, 251),
(481, 0.6020667493343353, 0.4824011002977689, 11, 68.299999833107, 255),
(482, 1.0902812480926514, 0.19250833320741853, 54, 68.19999933242798, 251),
(483, 0.9194295942783356, 0.1710304548808684, 27, 68.80000054836273, 252),
(484, 1.133585274219513, 0.19178002614838383, 55, 67.2000002861023, 251),
(485, 1.1230585396289825, 0.18136588864338896, 56, 68.70000004768372, 251),
(486, 0.9278711974620819, 0.1620711989235133, 28, 68.90000104904175, 252),
(487, 0.6065242826938629, 0.38259213386724394, 13, 70.00000059604645, 253),
(488, 1.2000451624393462, 0.18081293487921357, 57, 68.89999985694885, 251),
(489, 0.599366980791092, 0.46909882221370935, 12, 66.50000035762787, 255),
(490, 1.166433960199356, 0.18836260330863297, 58, 68.60000014305115, 251),
(491, 0.9722675144672394, 0.16168918965073922, 29, 69.20000076293945, 252),
(492, 1.1468316316604614, 0.18487853401650986, 59, 68.70000064373016, 251),
(493, 0.580110502243042, 0.5221708199630181, 7, 68.50000083446503, 254),
(494, 1.18772332072258, 0.17800036584958434, 60, 68.20000112056732, 251),
(495, 0.9891005992889405, 0.1610512825815628, 30, 69.39999997615814, 252),
(496, 0.6286085963249206, 0.3584029044335087, 14, 69.39999997615814, 253),
(497, 1.1742141187191009, 0.18001808055366078, 61, 67.90000021457672, 251),
(498, 1.1996800303459167, 0.172533630936717, 62, 69.200000166893, 251),
(499, 0.9996117353439331, 0.16130260735129318, 31, 68.39999973773956, 252),
(500, 0.6045036315917969, 0.45364561676979065, 13, 67.50000059604645, 255),
(501, 1.190064585208893, 0.17932562320493162, 63, 67.90000021457672, 251),
(502, 1.206887912750244, 0.18109583870197335, 64, 67.49999940395355, 251),
(503, 0.9898536443710327, 0.15348530871172747, 32, 68.30000042915344, 252),
(504, 1.209522557258606, 0.18371485934282342, 65, 67.30000019073486, 251),
(505, 0.6399172723293305, 0.347929023206234, 15, 70.00000059604645, 253),
(506, 1.1941616654396057, 0.17570496699772775, 66, 68.40000033378601, 251),
(507, 0.991085284948349, 0.15480925197092196, 33, 69.39999997615814, 252),
(508, 1.2039350509643554, 0.18145973491482437, 67, 67.7999997138977, 251),
(509, 0.6183606207370758, 0.4270718876893322, 14, 67.39999949932098, 255),
(510, 1.2456670641899108, 0.17537523914749423, 68, 68.40000033378601, 251),
(511, 0.9906777083873749, 0.15545549554129443, 34, 69.09999966621399, 252),
(512, 0.5804254591464997, 0.49435228016227484, 8, 68.70000064373016, 254),
(513, 1.2464441537857056, 0.17429002312322459, 69, 68.50000143051147, 251),
(514, 0.6514712274074554, 0.33184024210398394, 16, 68.8999992609024, 253),
(515, 1.0009774327278138, 0.14918659371323884, 35, 69.10000026226044, 252),
(516, 1.2208227455615996, 0.176763967378065, 70, 68.20000052452087, 251),
(517, 1.2883280038833618, 0.1720878181513399, 71, 67.30000019073486, 251),
(518, 0.6422486245632172, 0.4093917738646269, 15, 66.09999895095825, 255),
(519, 1.0042844712734222, 0.14330674071485797, 36, 69.00000035762787, 252),
(520, 1.2695751547813416, 0.16925274161621928, 72, 68.00000071525574, 251),
(521, 1.2162092447280883, 0.17096849204972386, 73, 68.50000023841858, 251),
(522, 1.0514122247695923, 0.14058705000206828, 37, 68.49999964237213, 252),
(523, 1.2476988554000854, 0.17370542565671107, 74, 68.89999985694885, 251),
(524, 0.6604949295520782, 0.32127718596408766, 17, 68.70000004768372, 253),
(525, 1.235571300983429, 0.1691250380439063, 75, 69.09999966621399, 251),
(526, 1.0783275842666626, 0.14192805400428674, 38, 68.30000102519989, 252),
(527, 1.253306794166565, 0.17020660048971573, 76, 68.39999973773956, 251),
(528, 0.6322725415229797, 0.39121034896622103, 16, 68.79999935626984, 255),
(529, 1.2788573503494263, 0.16581025704120597, 77, 67.60000050067902, 251),
(530, 0.5773811101913452, 0.46494539982328814, 9, 68.70000004768372, 254),
(531, 1.024509882926941, 0.14315155746104816, 39, 67.30000019073486, 252),
(532, 1.2672651410102844, 0.1666722425725311, 78, 68.40000033378601, 251),
(533, 0.682168859243393, 0.30067317141219974, 18, 69.10000085830688, 253),
(534, 1.267712664604187, 0.16620208462700248, 79, 67.7999997138977, 251),
(535, 1.0599999129772186, 0.14051766612101346, 40, 68.40000033378601, 252),
(536, 1.2687185764312745, 0.1607068693265319, 80, 68.39999973773956, 251),
(537, 1.3045058608055116, 0.16007884731516242, 81, 69.29999947547913, 251),
(538, 1.0797015368938445, 0.1285769115978231, 41, 68.09999942779541, 252),
(539, 1.3049115061759948, 0.16113813019668063, 82, 68.30000042915344, 251),
(540, 0.6452531754970551, 0.37881299667060375, 17, 68.10000002384186, 255),
(541, 1.3444441437721253, 0.16004660911858082, 83, 69.09999966621399, 251),
(542, 0.6949011266231537, 0.29061452159658074, 19, 67.30000019073486, 253),
(543, 1.0703336298465729, 0.1317318071766446, 42, 68.09999942779541, 252),
(544, 1.3285237908363343, 0.16166392853483558, 84, 68.00000011920929, 251),
(545, 1.27800133228302, 0.16589160255777338, 85, 67.90000021457672, 251),
(546, 1.1049367666244507, 0.13039372356918952, 43, 69.29999947547913, 252),
(547, 1.305446696281433, 0.16111447902706763, 86, 68.00000131130219, 251),
(548, 0.6650206685066223, 0.35851119210322696, 18, 68.5999995470047, 255),
(549, 0.58978973031044, 0.446339833860596, 10, 68.5999995470047, 254),
(550, 1.3509767651557922, 0.15879953683664402, 87, 67.5000011920929, 251),
(551, 1.0796823680400849, 0.1303806802801167, 44, 68.80000054836273, 252),
(552, 1.3399588942527771, 0.15581905733173093, 88, 67.99999952316284, 251),
(553, 0.7138089001178741, 0.2781946873292327, 20, 68.6000007390976, 253),
(554, 1.333002543449402, 0.16174697231811783, 89, 68.80000054836273, 251),
(555, 1.1111616790294647, 0.1290336489522209, 45, 68.10000121593475, 252),
(556, 1.4103499054908752, 0.15281875904959938, 90, 68.19999992847443, 251),
(557, 1.3413599848747253, 0.1554527572977046, 91, 67.99999952316284, 251),
(558, 0.6799775183200836, 0.34337309406449396, 19, 67.90000021457672, 255),
(559, 1.1179989099502563, 0.13093412395877144, 46, 68.60000014305115, 252),
(560, 1.3094017267227174, 0.16366010547305146, 92, 68.60000014305115, 251),
(561, 0.7382292747497559, 0.2605686446962257, 21, 69.10000085830688, 253),
(562, 1.369279968738556, 0.1587337029632181, 93, 68.70000064373016, 251),
(563, 1.130998718738556, 0.12598823849111795, 47, 68.30000042915344, 252),
(564, 1.3374703764915465, 0.15350781210387746, 94, 68.30000162124634, 251),
(565, 1.3873756647109985, 0.154602718539536, 95, 68.1000006198883, 251),
(566, 0.5934398233890533, 0.4229047540575266, 11, 69.39999997615814, 254),
(567, 1.1410526931285858, 0.11929947568569332, 48, 69.70000088214874, 252),
(568, 1.3734888553619384, 0.1497500860132277, 96, 67.39999890327454, 251),
(569, 0.7151160836219788, 0.3326553092338145, 20, 67.69999980926514, 255),
(570, 0.7359635710716248, 0.25401719224949676, 22, 68.60000014305115, 253),
(571, 1.392743754386902, 0.1605671764506648, 97, 68.50000023841858, 251),
(572, 1.1561850726604461, 0.12184046239902575, 49, 69.09999966621399, 252),
(573, 1.3401652812957763, 0.157014632364735, 98, 68.40000033378601, 251),
(574, 1.411445713043213, 0.151823991133521, 99, 68.10000002384186, 251),
(575, 1.1928125739097595, 0.11823509427874039, 50, 67.89999902248383, 252),
(576, 1.4182317733764649, 0.15203265046390393, 100, 67.50000059604645, 251),
(577, 0.7010070025920868, 0.3260864997282624, 21, 67.19999969005585, 255),
(578, 0.7977517127990723, 0.24324369942769408, 23, 68.70000004768372, 253),
(579, 1.4321821570396422, 0.14957868726924062, 101, 67.40000069141388, 251),
(580, 1.1831708669662475, 0.11921142068846773, 51, 68.19999933242798, 252),
(581, 1.4298349380493165, 0.15403501049149781, 102, 67.59999990463257, 251),
(582, 1.4190141439437867, 0.14642279672746858, 103, 67.89999961853027, 251),
(583, 0.6010774135589599, 0.40105369640514255, 12, 68.99999976158142, 254),
(584, 1.176651930809021, 0.11965245326670508, 52, 68.20000112056732, 252),
(585, 1.392733883857727, 0.15403497917577624, 104, 67.50000059604645, 251),
(586, 0.7314645230770112, 0.311749382254978, 22, 67.40000069141388, 255),
(587, 0.8099485337734222, 0.23456312359000245, 24, 68.1000006198883, 253),
(588, 1.3972752571105957, 0.15062847745139152, 105, 67.80000030994415, 251),
(589, 1.154342669248581, 0.11638204524448763, 53, 68.50000023841858, 252),
(590, 1.3914042115211487, 0.1519457537215203, 106, 67.80000030994415, 251),
(591, 1.4313359379768371, 0.1463781560305506, 107, 67.30000019073486, 251),
(592, 1.2012368142604828, 0.11592663265764713, 54, 69.69999969005585, 252),
(593, 1.4154709577560425, 0.1500388839825367, 108, 66.700000166893, 251),
(594, 0.7396960556507111, 0.2967768305291732, 23, 68.50000083446503, 255),
(595, 0.8096902728080749, 0.22271501342765987, 25, 68.39999973773956, 253),
(596, 1.438470709323883, 0.15079945193914077, 109, 66.29999995231628, 251),
(597, 1.2251923203468322, 0.1172777364263311, 55, 69.69999969005585, 252),
(598, 1.439418613910675, 0.14387318425967047, 110, 68.60000014305115, 251),
(599, 1.4516002058982849, 0.14847510432203612, 111, 68.299999833107, 251),
(600, 0.599085909128189, 0.37782386131584644, 13, 69.70000088214874, 254),
(601, 1.217566829919815, 0.11097948466582845, 56, 69.10000026226044, 252),
(602, 1.4441332817077637, 0.14287621256274483, 112, 67.60000050067902, 251),
(603, 0.8315412640571594, 0.21857116542135677, 26, 68.5999995470047, 253),
(604, 1.4291412711143494, 0.15514680952765048, 113, 67.40000009536743, 251),
(605, 0.7671179294586181, 0.2841541391486923, 24, 67.5, 255),
(606, 1.2321325421333313, 0.11132110166363418, 57, 68.49999904632568, 252),
(607, 1.4579825043678283, 0.14925825161238512, 114, 68.00000131130219, 251),
(608, 1.4767311453819274, 0.15224098802233735, 115, 68.10000002384186, 251),
(609, 1.2410286724567414, 0.11683948485491176, 58, 68.70000064373016, 252),
(610, 1.4926502466201783, 0.14748442289419472, 116, 67.90000021457672, 251),
(611, 0.8525080204010009, 0.20673555741086602, 27, 68.59999895095825, 253),
(612, 1.4652710556983948, 0.14076635831346115, 117, 67.39999949932098, 251),
(613, 0.760564786195755, 0.27533137425780296, 25, 68.9000004529953, 255),
(614, 1.2112607121467591, 0.11595057948337247, 59, 69.49999988079071, 252),
(615, 1.4832677483558654, 0.14103022889078906, 118, 67.79999911785126, 251),
(616, 0.6227924883365631, 0.35828237514942884, 14, 69.60000038146973, 254),
(617, 0.8743500351905823, 0.1999294461371998, 28, 68.50000023841858, 253);

--
-- Index pour les tables exportées
--

--
-- Index pour la table `data`
--
ALTER TABLE `data`
  ADD PRIMARY KEY (`id`);

--
-- Index pour la table `instance`
--
ALTER TABLE `instance`
  ADD PRIMARY KEY (`id`),
  ADD KEY `IDX_4230B1DE34128B91` (`network_id`),
  ADD KEY `IDX_4230B1DE37F5A13C` (`data_id`),
  ADD KEY `IDX_4230B1DE166D1F9C` (`project_id`);

--
-- Index pour la table `network`
--
ALTER TABLE `network`
  ADD PRIMARY KEY (`id`);

--
-- Index pour la table `project`
--
ALTER TABLE `project`
  ADD PRIMARY KEY (`id`);

--
-- Index pour la table `validation`
--
ALTER TABLE `validation`
  ADD PRIMARY KEY (`id`),
  ADD KEY `IDX_16AC5B6E3A51721D` (`instance_id`);

--
-- AUTO_INCREMENT pour les tables exportées
--

--
-- AUTO_INCREMENT pour la table `data`
--
ALTER TABLE `data`
  MODIFY `id` int(11) NOT NULL AUTO_INCREMENT, AUTO_INCREMENT=12;
--
-- AUTO_INCREMENT pour la table `instance`
--
ALTER TABLE `instance`
  MODIFY `id` int(11) NOT NULL AUTO_INCREMENT, AUTO_INCREMENT=257;
--
-- AUTO_INCREMENT pour la table `network`
--
ALTER TABLE `network`
  MODIFY `id` int(11) NOT NULL AUTO_INCREMENT, AUTO_INCREMENT=20;
--
-- AUTO_INCREMENT pour la table `project`
--
ALTER TABLE `project`
  MODIFY `id` int(11) NOT NULL AUTO_INCREMENT, AUTO_INCREMENT=9;
--
-- AUTO_INCREMENT pour la table `validation`
--
ALTER TABLE `validation`
  MODIFY `id` int(11) NOT NULL AUTO_INCREMENT, AUTO_INCREMENT=618;
--
-- Contraintes pour les tables exportées
--

--
-- Contraintes pour la table `instance`
--
ALTER TABLE `instance`
  ADD CONSTRAINT `FK_4230B1DE166D1F9C` FOREIGN KEY (`project_id`) REFERENCES `project` (`id`),
  ADD CONSTRAINT `FK_4230B1DE34128B91` FOREIGN KEY (`network_id`) REFERENCES `network` (`id`),
  ADD CONSTRAINT `FK_4230B1DE37F5A13C` FOREIGN KEY (`data_id`) REFERENCES `data` (`id`);

--
-- Contraintes pour la table `validation`
--
ALTER TABLE `validation`
  ADD CONSTRAINT `FK_16AC5B6E3A51721D` FOREIGN KEY (`instance_id`) REFERENCES `instance` (`id`);

/*!40101 SET CHARACTER_SET_CLIENT=@OLD_CHARACTER_SET_CLIENT */;
/*!40101 SET CHARACTER_SET_RESULTS=@OLD_CHARACTER_SET_RESULTS */;
/*!40101 SET COLLATION_CONNECTION=@OLD_COLLATION_CONNECTION */;
